timestamp,score
2026-04-04T22:54:57.175677226Z,0.104013
2026-04-04T22:54:57.720172652Z,0.104391
2026-04-04T22:54:57.744550448Z,0.105079
2026-04-04T22:54:57.969501445Z,0.105413
2026-04-04T22:54:57.974667011Z,0.105807
2026-04-04T22:54:58.220518907Z,0.106159
2026-04-04T22:54:58.470586862Z,0.106522
2026-04-04T22:54:58.720754287Z,0.106892
2026-04-04T22:54:58.969602391Z,0.107266
2026-04-04T22:54:59.017373901Z,0.107644
2026-04-04T22:54:59.220375171Z,0.108024
2026-04-04T22:54:59.258243546Z,0.10846
2026-04-04T22:54:59.471496057Z,0.108847
2026-04-04T22:54:59.506491446Z,0.109248
2026-04-04T22:54:59.9713241Z,0.10963
2026-04-04T22:55:00.219280674Z,0.110019
2026-04-04T22:55:00.474212129Z,0.11041
2026-04-04T22:55:00.719986849Z,0.110803
2026-04-04T22:55:00.741829114Z,0.176198
2026-04-04T22:55:00.97130458Z,0.177833
2026-04-04T22:55:01.219960859Z,0.176244
2026-04-04T22:55:01.230776751Z,0.199208
2026-04-04T22:55:01.471221476Z,0.193781
2026-04-04T22:55:01.726218161Z,0.220212
2026-04-04T22:55:01.969522924Z,0.221795
2026-04-04T22:55:01.990809712Z,0.23479
2026-04-04T22:55:02.472467411Z,0.228419
2026-04-04T22:55:02.719171108Z,0.226402
2026-04-04T22:55:03.248550309Z,0.224544
2026-04-04T22:55:03.471405923Z,0.22283
2026-04-04T22:55:03.994809586Z,0.240929
2026-04-04T22:55:04.470693656Z,0.243139
2026-04-04T22:55:04.491443591Z,0.252906
2026-04-04T22:55:05.218857959Z,0.246657
2026-04-04T22:55:05.496951075Z,0.261237
2026-04-04T22:55:05.716988628Z,0.273779
2026-04-04T22:55:05.719812622Z,0.267167
2026-04-04T22:55:06.000058505Z,0.279559
2026-04-04T22:55:06.217917839Z,0.282124
2026-04-04T22:55:06.489465892Z,0.289168
2026-04-04T22:55:06.995494701Z,0.295073
2026-04-04T22:55:07.719821211Z,0.29779
2026-04-04T22:55:07.731490348Z,0.304144
2026-04-04T22:55:07.970687357Z,0.297291
2026-04-04T22:55:08.220301273Z,0.295469
2026-04-04T22:55:08.473537306Z,0.293743
2026-04-04T22:55:08.991046357Z,0.292106
2026-04-04T22:55:09.218516761Z,0.290554
2026-04-04T22:55:09.744745221Z,0.298961
2026-04-04T22:55:09.989828219Z,0.302238
2026-04-04T22:55:09.995667234Z,0.308615
2026-04-04T22:55:10.237796599Z,0.30217
2026-04-04T22:55:11.998298926Z,0.309409
2026-04-04T22:55:12.220565308Z,0.31287
2026-04-04T22:55:12.719863366Z,0.311391
2026-04-04T22:55:12.99296277Z,0.317593
2026-04-04T22:55:13.219113172Z,0.311215
2026-04-04T22:55:13.464201174Z,0.317409
2026-04-04T22:55:13.718909987Z,0.321111
2026-04-04T22:55:13.745023212Z,0.327117
2026-04-04T22:55:14.24494092Z,0.327464
2026-04-04T22:55:14.470172068Z,0.331271
2026-04-04T22:55:14.499441851Z,0.337129
2026-04-04T22:55:15.971106743Z,0.330695
2026-04-04T22:55:16.220099673Z,0.329521
2026-04-04T22:55:16.99672652Z,0.334232
2026-04-04T22:55:17.219115853Z,0.338246
2026-04-04T22:55:17.49316363Z,0.344094
2026-04-04T22:55:17.718551263Z,0.337735
2026-04-04T22:55:18.469047425Z,0.336683
2026-04-04T22:55:18.71976899Z,0.335675
2026-04-04T22:55:19.018797072Z,0.334708
2026-04-04T22:55:19.744115524Z,0.338614
2026-04-04T22:55:20.217866018Z,0.342875
2026-04-04T22:55:20.49651142Z,0.34883
2026-04-04T22:55:20.961033031Z,0.346993
2026-04-04T22:55:21.219369861Z,0.351344
2026-04-04T22:55:21.48121402Z,0.357195
2026-04-04T22:55:21.969233098Z,0.350971
2026-04-04T22:55:21.987689418Z,0.350128
2026-04-04T22:55:22.243542942Z,0.353069
2026-04-04T22:55:23.718830123Z,0.357565
2026-04-04T22:55:23.998569414Z,0.363465
2026-04-04T22:55:24.21632548Z,0.360661
2026-04-04T22:55:24.467786052Z,0.365236
2026-04-04T22:55:24.725627391Z,0.371088
2026-04-04T22:55:24.969336414Z,0.364882
2026-04-04T22:55:24.986345005Z,0.367104
2026-04-04T22:55:25.719021561Z,0.37178
2026-04-04T22:55:25.740420962Z,0.377634
2026-04-04T22:55:26.24265027Z,0.374075
2026-04-04T22:55:27.470120576Z,0.378821
2026-04-04T22:55:27.495432362Z,0.384648
2026-04-04T22:55:27.718637476Z,0.378446
2026-04-04T22:55:27.727182194Z,0.380059
2026-04-04T22:55:27.976627818Z,0.391395
2026-04-04T22:55:28.218764805Z,0.385183
2026-04-04T22:55:29.018370317Z,0.386544
2026-04-04T22:55:30.719867288Z,0.391444
2026-04-04T22:55:30.979269076Z,0.397272
2026-04-04T22:55:31.718843395Z,0.391082
2026-04-04T22:55:31.992957977Z,0.3905
2026-04-04T22:55:32.471968665Z,0.389956
2026-04-04T22:55:32.492882208Z,0.389428
2026-04-04T22:55:34.496122719Z,0.390429
2026-04-04T22:55:34.72039216Z,0.395471
2026-04-04T22:55:34.994575852Z,0.401411
2026-04-04T22:55:36.024391242Z,0.395314
2026-04-04T22:55:37.746694837Z,0.39609
2026-04-04T22:55:39.023286537Z,0.401205
2026-04-04T22:55:39.219828118Z,0.400729
2026-04-04T22:55:39.255225904Z,0.406716
2026-04-04T22:55:39.473885955Z,0.400656
2026-04-04T22:55:39.517523447Z,0.401189
2026-04-04T22:55:39.719388744Z,0.406389
2026-04-04T22:55:39.757536991Z,0.412394
2026-04-04T22:55:40.501372982Z,0.407089
2026-04-04T22:55:41.466615463Z,0.418722
2026-04-04T22:55:41.469938591Z,0.412654
2026-04-04T22:55:41.719814353Z,0.412287
2026-04-04T22:55:42.470192953Z,0.411936
2026-04-04T22:55:42.499224939Z,0.411597
2026-04-04T22:55:42.718447828Z,0.411291
2026-04-04T22:55:42.985816767Z,0.410995
2026-04-04T22:55:43.750258121Z,0.411067
2026-04-04T22:55:44.218682001Z,0.416437
2026-04-04T22:55:44.498200299Z,0.422547
2026-04-04T22:55:44.718990669Z,0.41658
2026-04-04T22:55:44.744742382Z,0.416492
2026-04-04T22:55:44.969789861Z,0.421916
2026-04-04T22:55:44.997412624Z,0.428043
2026-04-04T22:55:45.246469085Z,0.422093
2026-04-04T22:55:45.469459221Z,0.427556
2026-04-04T22:55:45.739363535Z,0.433679
2026-04-04T22:55:45.969875562Z,0.427722
2026-04-04T22:55:46.218183309Z,0.427515
2026-04-04T22:55:47.219270249Z,0.427322
2026-04-04T22:55:47.971429873Z,0.427142
2026-04-04T22:55:48.21951442Z,0.426975
2026-04-04T22:55:48.469956901Z,0.42682
2026-04-04T22:55:48.720697526Z,0.426677
2026-04-04T22:55:48.992200805Z,0.426547
2026-04-04T22:55:49.486031066Z,0.426053
2026-04-04T22:55:49.970672174Z,0.43165
2026-04-04T22:55:49.994843032Z,0.437918
2026-04-04T22:55:50.469920314Z,0.432062
2026-04-04T22:55:50.719472955Z,0.431969
2026-04-04T22:55:51.471138599Z,0.431886
2026-04-04T22:55:51.495129669Z,0.431227
2026-04-04T22:55:52.719672393Z,0.436889
2026-04-04T22:55:52.985946114Z,0.4432
2026-04-04T22:55:53.469312676Z,0.436661
2026-04-04T22:55:54.208593469Z,0.448716
2026-04-04T22:55:54.2193552Z,0.442878
2026-04-04T22:55:54.470586442Z,0.442832
2026-04-04T22:55:55.220520849Z,0.442795
2026-04-04T22:55:55.244555332Z,0.441889
2026-04-04T22:55:55.487168628Z,0.453966
2026-04-04T22:55:56.989949155Z,0.447184
2026-04-04T22:55:57.719325295Z,0.452964
2026-04-04T22:55:57.743802101Z,0.459289
2026-04-04T22:55:57.998131974Z,0.452607
2026-04-04T22:55:58.999069451Z,0.458694
2026-04-04T22:55:59.471227955Z,0.458934
2026-04-04T22:55:59.972473296Z,0.459228
2026-04-04T22:56:00.221706222Z,0.459228
2026-04-04T22:56:00.242679727Z,0.466681
2026-04-04T22:56:00.47279592Z,0.459885
2026-04-04T22:56:00.71745376Z,0.459885
2026-04-04T22:56:00.968596799Z,0.455034
2026-04-04T22:56:01.004535426Z,0.455028
2026-04-04T22:56:01.220096632Z,0.454628
2026-04-04T22:56:01.471535297Z,0.449712
2026-04-04T22:56:01.494495788Z,0.449616
2026-04-04T22:56:01.720069921Z,0.449514
2026-04-04T22:56:01.970047835Z,0.449152
2026-04-04T22:56:02.001708757Z,0.449145
2026-04-04T22:56:02.237431593Z,0.449066
2026-04-04T22:56:02.49864199Z,0.448569
2026-04-04T22:56:02.718793478Z,0.455089
2026-04-04T22:56:02.970577639Z,0.455089
2026-04-04T22:56:02.99216139Z,0.462633
2026-04-04T22:56:03.21926403Z,0.455891
2026-04-04T22:56:03.471559501Z,0.451044
2026-04-04T22:56:03.498867438Z,0.450402
2026-04-04T22:56:03.719381168Z,0.45696
2026-04-04T22:56:03.745540735Z,0.464471
2026-04-04T22:56:03.972948741Z,0.457757
2026-04-04T22:56:04.220397844Z,0.457757
2026-04-04T22:56:04.4719751Z,0.45733
2026-04-04T22:56:04.49830602Z,0.459064
2026-04-04T22:56:04.719664888Z,0.456832
2026-04-04T22:56:04.736131236Z,0.45678
2026-04-04T22:56:04.969806032Z,0.456774
2026-04-04T22:56:04.998569043Z,0.456748
2026-04-04T22:56:05.22055044Z,0.452006
2026-04-04T22:56:05.24555728Z,0.452025
2026-04-04T22:56:05.497384205Z,0.451527
2026-04-04T22:56:05.719723176Z,0.451538
2026-04-04T22:56:05.729482708Z,0.446781
2026-04-04T22:56:05.970716942Z,0.446807
2026-04-04T22:56:06.220259819Z,0.446249
2026-04-04T22:56:06.469776867Z,0.446281
2026-04-04T22:56:06.719487725Z,0.441504
2026-04-04T22:56:06.970956445Z,0.441566
2026-04-04T22:56:07.220315317Z,0.441566
2026-04-04T22:56:07.474229148Z,0.441636
2026-04-04T22:56:07.96977148Z,0.440992
2026-04-04T22:56:08.2631665Z,0.440935
2026-04-04T22:56:08.263985325Z,0.440985
2026-04-04T22:56:08.46996659Z,0.441062
2026-04-04T22:56:08.765657678Z,0.441069
2026-04-04T22:56:09.029594364Z,0.441058
2026-04-04T22:56:09.223994565Z,0.436288
2026-04-04T22:56:09.225402861Z,0.436899
2026-04-04T22:56:09.471637511Z,0.445717
2026-04-04T22:56:10.00645045Z,0.456705
2026-04-04T22:56:10.026057988Z,0.447987
2026-04-04T22:56:10.472762841Z,0.443296
2026-04-04T22:56:10.498494838Z,0.442167
2026-04-04T22:56:10.748640848Z,0.444084
2026-04-04T22:56:10.970939672Z,0.449927
2026-04-04T22:56:10.980234531Z,0.456968
2026-04-04T22:56:11.222383654Z,0.450879
2026-04-04T22:56:11.224366816Z,0.450967
2026-04-04T22:56:11.470827555Z,0.451074
2026-04-04T22:56:11.720687916Z,0.451188
2026-04-04T22:56:11.999831566Z,0.449982
2026-04-04T22:56:12.719679448Z,0.456178
2026-04-04T22:56:13.4716168Z,0.450814
2026-04-04T22:56:13.719875432Z,0.450214
2026-04-04T22:56:13.970917714Z,0.445654
2026-04-04T22:56:14.220107268Z,0.445762
2026-04-04T22:56:15.71887151Z,0.444909
2026-04-04T22:56:15.970610067Z,0.445005
2026-04-04T22:56:16.245924038Z,0.448022
2026-04-04T22:56:16.468742Z,0.441546
2026-04-04T22:56:16.741592972Z,0.44074
2026-04-04T22:56:16.970257802Z,0.447442
2026-04-04T22:56:17.219179159Z,0.451078
2026-04-04T22:56:17.472207377Z,0.447342
2026-04-04T22:56:17.489211242Z,0.455254
2026-04-04T22:56:17.719642441Z,0.448286
2026-04-04T22:56:17.729731633Z,0.448395
2026-04-04T22:56:17.98488889Z,0.447447
2026-04-04T22:56:19.024572553Z,0.449346
2026-04-04T22:56:19.719294089Z,0.449458
2026-04-04T22:56:19.973139196Z,0.449458
2026-04-04T22:56:20.72021281Z,0.444165
2026-04-04T22:56:20.972431925Z,0.448789
2026-04-04T22:56:20.992384253Z,0.456957
2026-04-04T22:56:21.219804501Z,0.448594
2026-04-04T22:56:21.243710354Z,0.450735
2026-04-04T22:56:21.469211905Z,0.448435
2026-04-04T22:56:21.746713327Z,0.448627
2026-04-04T22:56:21.970471892Z,0.456121
2026-04-04T22:56:22.218940999Z,0.451246
2026-04-04T22:56:22.233391783Z,0.462841
2026-04-04T22:56:22.468864899Z,0.453478
2026-04-04T22:56:22.491609845Z,0.453666
2026-04-04T22:56:22.719073095Z,0.453732
2026-04-04T22:56:23.219561591Z,0.454126
2026-04-04T22:56:23.4705361Z,0.454057
2026-04-04T22:56:23.499159486Z,0.454236
2026-04-04T22:56:23.718748866Z,0.454386
2026-04-04T22:56:23.970169775Z,0.4538
2026-04-04T22:56:25.218934154Z,0.443941
2026-04-04T22:56:25.469123347Z,0.443659
2026-04-04T22:56:25.474155418Z,0.44383
2026-04-04T22:56:25.719500565Z,0.443185
2026-04-04T22:56:25.973463421Z,0.438685
2026-04-04T22:56:25.987250176Z,0.443457
2026-04-04T22:56:26.220206838Z,0.439164
2026-04-04T22:56:26.234136482Z,0.44364
2026-04-04T22:56:26.471033288Z,0.456901
2026-04-04T22:56:26.500933017Z,0.478772
2026-04-04T22:56:26.721165267Z,0.46558
2026-04-04T22:56:26.744320109Z,0.465739
2026-04-04T22:56:26.9706305Z,0.465924
2026-04-04T22:56:26.987302121Z,0.466112
2026-04-04T22:56:27.219077125Z,0.466288
2026-04-04T22:56:27.473351336Z,0.465793
2026-04-04T22:56:27.484573268Z,0.465975
2026-04-04T22:56:27.720345686Z,0.461578
2026-04-04T22:56:27.798329537Z,0.461055
2026-04-04T22:56:28.218214641Z,0.461044
2026-04-04T22:56:28.471131615Z,0.456794
2026-04-04T22:56:28.720681418Z,0.457012
2026-04-04T22:56:29.019692991Z,0.457012
2026-04-04T22:56:29.219768116Z,0.457236
2026-04-04T22:56:29.469922807Z,0.457466
2026-04-04T22:56:29.720063212Z,0.457702
2026-04-04T22:56:29.971134441Z,0.457944
2026-04-04T22:56:29.993469695Z,0.458185
2026-04-04T22:56:30.220992357Z,0.45845
2026-04-04T22:56:30.471213402Z,0.458717
2026-04-04T22:56:30.719705277Z,0.458971
2026-04-04T22:56:30.970625018Z,0.458375
2026-04-04T22:56:31.221736254Z,0.461212
2026-04-04T22:56:31.729367153Z,0.474548
2026-04-04T22:56:31.991671308Z,0.49592
2026-04-04T22:56:32.970113493Z,0.478135
2026-04-04T22:56:33.498145853Z,0.480432
2026-04-04T22:56:33.97078919Z,0.493981
2026-04-04T22:56:34.219995589Z,0.494162
2026-04-04T22:56:34.249691712Z,0.51476
2026-04-04T22:56:34.469769067Z,0.501555
2026-04-04T22:56:34.503681858Z,0.501547
2026-04-04T22:56:34.720494374Z,0.501233
2026-04-04T22:56:34.969779647Z,0.501421
2026-04-04T22:56:35.470292012Z,0.501421
2026-04-04T22:56:36.470892165Z,0.497621
2026-04-04T22:56:36.745705591Z,0.497837
2026-04-04T22:56:37.470443861Z,0.49804
2026-04-04T22:56:38.718046299Z,0.49804
2026-04-04T22:56:38.971042016Z,0.498259
2026-04-04T22:56:39.02933892Z,0.498259
2026-04-04T22:56:39.219213807Z,0.589993
2026-04-04T22:56:39.261740474Z,0.592754
2026-04-04T22:56:39.470809326Z,0.532452
2026-04-04T22:56:39.510163674Z,0.528378
2026-04-04T22:56:39.719384376Z,0.538502
2026-04-04T22:56:40.220659846Z,0.534525
2026-04-04T22:56:40.238627182Z,0.551102
2026-04-04T22:56:40.719195136Z,0.538931
2026-04-04T22:56:40.744712268Z,0.539477
2026-04-04T22:56:40.96441619Z,0.541614
2026-04-04T22:56:40.970349752Z,0.542756
2026-04-04T22:56:41.219908654Z,0.526497
2026-04-04T22:56:41.472214143Z,0.525924
2026-04-04T22:56:41.477826536Z,0.52646
2026-04-04T22:56:41.719841089Z,0.525708
2026-04-04T22:56:41.730154721Z,0.525861
2026-04-04T22:56:42.490486425Z,0.524798
2026-04-04T22:56:43.970761091Z,0.531613
2026-04-04T22:56:44.247826089Z,0.54561
2026-04-04T22:56:45.979591341Z,0.525544
2026-04-04T22:56:46.470161482Z,0.536252
2026-04-04T22:56:46.720152975Z,0.536284
2026-04-04T22:56:46.968634808Z,0.536323
2026-04-04T22:56:47.206878676Z,0.550611
2026-04-04T22:56:48.469967203Z,0.539836
2026-04-04T22:56:48.497743752Z,0.539859
2026-04-04T22:56:48.719913782Z,0.539908
2026-04-04T22:56:48.763601563Z,0.537849
2026-04-04T22:56:48.97062153Z,0.545146
2026-04-04T22:56:49.219616823Z,0.538604
2026-04-04T22:56:49.507867708Z,0.538597
2026-04-04T22:56:50.719078669Z,0.538255
2026-04-04T22:56:51.218819043Z,0.538255
2026-04-04T22:56:52.216564524Z,0.532853
2026-04-04T22:56:52.720599906Z,0.541432
2026-04-04T22:56:52.723902612Z,0.552264
2026-04-04T22:56:53.52182126Z,0.537762
2026-04-04T22:56:55.473028826Z,0.542732
2026-04-04T22:56:55.49331454Z,0.549822
2026-04-04T22:56:55.969854869Z,0.540976
2026-04-04T22:56:56.470299157Z,0.540984
2026-04-04T22:56:56.720654312Z,0.540999
2026-04-04T22:56:56.970148049Z,0.541022
2026-04-04T22:56:57.21972739Z,0.541022
2026-04-04T22:56:57.720673486Z,0.601621
2026-04-04T22:56:57.745223874Z,0.600119
2026-04-04T22:56:57.97063426Z,0.582949
2026-04-04T22:56:57.987773565Z,0.582991
2026-04-04T22:56:58.469830553Z,0.566733
2026-04-04T22:56:58.719473367Z,0.554735
2026-04-04T22:56:58.970848927Z,0.58858
2026-04-04T22:56:59.016390526Z,0.590538
2026-04-04T22:56:59.219589324Z,0.591516
2026-04-04T22:56:59.46317747Z,0.601105
2026-04-04T22:56:59.470411391Z,0.594869
2026-04-04T22:56:59.719366759Z,0.621464
2026-04-04T22:56:59.971176847Z,0.581508
2026-04-04T22:56:59.977855061Z,0.581927
2026-04-04T22:57:00.219264299Z,0.570042
2026-04-04T22:57:00.225644688Z,0.568967
2026-04-04T22:57:00.469799849Z,0.582701
2026-04-04T22:57:00.719898442Z,0.570914
2026-04-04T22:57:00.97085645Z,0.570461
2026-04-04T22:57:01.470309567Z,0.570522
2026-04-04T22:57:01.491075485Z,0.570995
2026-04-04T22:57:01.971069935Z,0.570512
2026-04-04T22:57:02.968557747Z,0.566348
2026-04-04T22:57:03.218816502Z,0.56581
2026-04-04T22:57:03.718877871Z,0.561489
2026-04-04T22:57:03.973464191Z,0.561054
2026-04-04T22:57:04.21025402Z,0.560427
2026-04-04T22:57:04.219444675Z,0.561084
2026-04-04T22:57:04.469060273Z,0.561084
2026-04-04T22:57:04.717695884Z,0.561549
2026-04-04T22:57:04.970512298Z,0.561798
2026-04-04T22:57:05.472121415Z,0.562093
2026-04-04T22:57:06.219119691Z,0.562611
2026-04-04T22:57:06.469553836Z,0.562611
2026-04-04T22:57:07.002952784Z,0.563003
2026-04-04T22:57:07.247327625Z,0.561054
2026-04-04T22:57:08.472271828Z,0.567786
2026-04-04T22:57:08.765642824Z,0.573543
2026-04-04T22:57:09.018191279Z,0.5678
2026-04-04T22:57:09.219394787Z,0.5678
2026-04-04T22:57:09.720368887Z,0.558729
2026-04-04T22:57:09.747170035Z,0.556658
2026-04-04T22:57:09.992956069Z,0.565691
2026-04-04T22:57:10.220689279Z,0.561259
2026-04-04T22:57:10.469753732Z,0.561022
2026-04-04T22:57:10.72021323Z,0.555835
2026-04-04T22:57:10.739538483Z,0.554315
2026-04-04T22:57:10.973419061Z,0.556548
2026-04-04T22:57:11.221475227Z,0.605186
2026-04-04T22:57:11.470882434Z,0.608772
2026-04-04T22:57:11.472779297Z,0.61092
2026-04-04T22:57:11.719136899Z,0.590563
2026-04-04T22:57:11.962842254Z,0.590828
2026-04-04T22:57:12.221215784Z,0.564847
2026-04-04T22:57:12.470242584Z,0.564575
2026-04-04T22:57:12.719342203Z,0.564796
2026-04-04T22:57:12.752346398Z,0.564147
2026-04-04T22:57:13.218655622Z,0.564553
2026-04-04T22:57:13.719359909Z,0.564553
2026-04-04T22:57:14.209723185Z,0.565933
2026-04-04T22:57:14.218665566Z,0.564506
2026-04-04T22:57:14.47060727Z,0.564506
2026-04-04T22:57:14.492826974Z,0.564283
2026-04-04T22:57:14.720817304Z,0.564051
2026-04-04T22:57:14.995736631Z,0.563438
2026-04-04T22:57:15.056449519Z,0.563852
2026-04-04T22:57:15.267574419Z,0.563661
2026-04-04T22:57:15.470363688Z,0.56348
2026-04-04T22:57:15.745863716Z,0.563472
2026-04-04T22:57:15.970444544Z,0.563311
2026-04-04T22:57:15.995504643Z,0.562574
2026-04-04T22:57:16.235325411Z,0.562008
2026-04-04T22:57:16.719532697Z,0.558062
2026-04-04T22:57:16.737217158Z,0.558343
2026-04-04T22:57:17.470449528Z,0.557802
2026-04-04T22:57:17.729879065Z,0.552304
2026-04-04T22:57:18.720144517Z,0.552889
2026-04-04T22:57:19.006888884Z,0.553136
2026-04-04T22:57:19.469542482Z,0.552184
2026-04-04T22:57:19.719745845Z,0.552758
2026-04-04T22:57:19.969104307Z,0.552595
2026-04-04T22:57:20.054738235Z,0.553024
2026-04-04T22:57:20.720848866Z,0.552439
2026-04-04T22:57:20.743043609Z,0.5519
2026-04-04T22:57:20.969665511Z,0.552341
2026-04-04T22:57:21.003542257Z,0.551524
2026-04-04T22:57:21.220671469Z,0.551085
2026-04-04T22:57:21.970053648Z,0.543168
2026-04-04T22:57:22.470100018Z,0.541096
2026-04-04T22:57:22.751744327Z,0.540887
2026-04-04T22:57:23.472519111Z,0.541652
2026-04-04T22:57:24.968961119Z,0.542056
2026-04-04T22:57:25.220517944Z,0.542025
2026-04-04T22:57:25.251530664Z,0.542256
2026-04-04T22:57:25.492957502Z,0.542306
2026-04-04T22:57:25.719614611Z,0.541697
2026-04-04T22:57:25.985068728Z,0.541682
2026-04-04T22:57:26.218755717Z,0.541693
2026-04-04T22:57:26.718782896Z,0.516769
2026-04-04T22:57:26.745726294Z,0.51876
2026-04-04T22:57:28.250422267Z,0.519051
2026-04-04T22:57:28.719890125Z,0.517936
2026-04-04T22:57:28.968719464Z,0.517936
2026-04-04T22:57:28.994377558Z,0.517677
2026-04-04T22:57:29.470067195Z,0.518208
2026-04-04T22:57:29.515422902Z,0.51756
2026-04-04T22:57:29.971268245Z,0.518431
2026-04-04T22:57:30.227234743Z,0.518712
2026-04-04T22:57:30.997207311Z,0.501014
2026-04-04T22:57:32.221301821Z,0.490609
2026-04-04T22:57:32.244084214Z,0.489985
2026-04-04T22:57:32.75460194Z,0.4908
2026-04-04T22:57:32.97033852Z,0.469938
2026-04-04T22:57:33.720248238Z,0.469938
2026-04-04T22:57:33.746987537Z,0.469426
2026-04-04T22:57:34.989525346Z,0.459362
2026-04-04T22:57:35.221017681Z,0.459065
2026-04-04T22:57:35.474204197Z,0.463022
2026-04-04T22:57:35.500009669Z,0.468896
2026-04-04T22:57:35.718756053Z,0.460829
2026-04-04T22:57:35.729185973Z,0.460412
2026-04-04T22:57:35.970952892Z,0.459704
2026-04-04T22:57:35.992890516Z,0.460902
2026-04-04T22:57:36.218463237Z,0.459151
2026-04-04T22:57:36.230131865Z,0.459049
2026-04-04T22:57:36.471169212Z,0.459042
2026-04-04T22:57:36.496474114Z,0.45895
2026-04-04T22:57:36.71896281Z,0.458851
2026-04-04T22:57:36.969395666Z,0.458851
2026-04-04T22:57:37.219268867Z,0.458773
2026-04-04T22:57:37.721285392Z,0.470262
2026-04-04T22:57:37.97052891Z,0.459466
2026-04-04T22:57:37.990360978Z,0.460792
2026-04-04T22:57:38.219485211Z,0.459068
2026-04-04T22:57:38.470359413Z,0.459028
2026-04-04T22:57:38.719999945Z,0.459028
2026-04-04T22:57:39.219731627Z,0.449711
2026-04-04T22:57:39.470028525Z,0.443684
2026-04-04T22:57:39.719605387Z,0.428985
2026-04-04T22:57:39.971139113Z,0.429075
2026-04-04T22:57:39.991629017Z,0.428056
2026-04-04T22:57:40.218794145Z,0.431435
2026-04-04T22:57:40.242302959Z,0.424994
2026-04-04T22:57:40.468842735Z,0.420936
2026-04-04T22:57:40.494972052Z,0.421063
2026-04-04T22:57:40.722259376Z,0.41952
2026-04-04T22:57:40.971593427Z,0.415739
2026-04-04T22:57:42.220221574Z,0.400057
2026-04-04T22:57:42.961634718Z,0.400064
2026-04-04T22:57:42.97064241Z,0.400226
2026-04-04T22:57:43.219150711Z,0.400407
2026-04-04T22:57:43.485689043Z,0.400587
2026-04-04T22:57:43.742437509Z,0.399932
2026-04-04T22:57:44.725446249Z,0.379201
2026-04-04T22:57:44.735929609Z,0.384169
2026-04-04T22:57:45.219328578Z,0.380375
2026-04-04T22:57:45.471750101Z,0.380636
2026-04-04T22:57:45.745995241Z,0.380234
2026-04-04T22:57:47.018633174Z,0.373738
2026-04-04T22:57:47.230664772Z,0.378595
2026-04-04T22:57:48.243267369Z,0.374239
2026-04-04T22:57:49.005974325Z,0.373111
2026-04-04T22:57:49.971463911Z,0.372876
2026-04-04T22:57:49.995355176Z,0.377921
2026-04-04T22:57:50.467112191Z,0.373598
2026-04-04T22:57:50.719495454Z,0.377608
2026-04-04T22:57:50.972240172Z,0.388515
2026-04-04T22:57:51.224666421Z,0.366407
2026-04-04T22:57:51.253282752Z,0.384679
2026-04-04T22:57:51.471203063Z,0.375474
2026-04-04T22:57:51.493843773Z,0.376006
2026-04-04T22:57:51.720254879Z,0.375922
2026-04-04T22:57:51.747557016Z,0.376204
2026-04-04T22:57:51.970220952Z,0.376509
2026-04-04T22:57:51.996544562Z,0.376816
2026-04-04T22:57:52.220845992Z,0.376806
2026-04-04T22:57:52.472149766Z,0.377112
2026-04-04T22:57:52.492149873Z,0.378923
2026-04-04T22:57:52.719096173Z,0.377532
2026-04-04T22:57:52.757135238Z,0.358786
2026-04-04T22:57:52.970362171Z,0.359137
2026-04-04T22:57:53.220290543Z,0.359503
2026-04-04T22:57:53.233140558Z,0.360479
2026-04-04T22:57:53.469369328Z,0.360074
2026-04-04T22:57:53.502036101Z,0.36045
2026-04-04T22:57:53.719748022Z,0.36046
2026-04-04T22:57:53.96937564Z,0.360847
2026-04-04T22:57:53.99835372Z,0.361245
2026-04-04T22:57:54.219207775Z,0.361632
2026-04-04T22:57:54.470412137Z,0.362033
2026-04-04T22:57:54.495023825Z,0.367254
2026-04-04T22:57:54.718496346Z,0.376761
2026-04-04T22:57:54.747519579Z,0.394308
2026-04-04T22:57:54.972283836Z,0.385256
2026-04-04T22:57:55.218873663Z,0.385636
2026-04-04T22:57:55.469436707Z,0.38602
2026-04-04T22:57:55.718647642Z,0.379693
2026-04-04T22:57:55.969847401Z,0.380083
2026-04-04T22:57:56.220077823Z,0.380083
2026-04-04T22:57:56.469457288Z,0.380477
2026-04-04T22:57:56.718197749Z,0.380477
2026-04-04T22:57:56.970051028Z,0.380477
2026-04-04T22:57:57.221110022Z,0.380083
2026-04-04T22:57:57.471301987Z,0.380477
2026-04-04T22:57:57.720494215Z,0.381513
2026-04-04T22:57:57.721803887Z,0.375552
2026-04-04T22:57:57.995416217Z,0.361493
2026-04-04T22:57:58.219661139Z,0.361968
2026-04-04T22:57:58.246902904Z,0.362429
2026-04-04T22:57:58.471219227Z,0.361748
2026-04-04T22:57:58.493556311Z,0.362231
2026-04-04T22:57:58.719787678Z,0.36222
2026-04-04T22:57:58.971379398Z,0.360379
2026-04-04T22:57:59.02786927Z,0.358542
2026-04-04T22:57:59.218675896Z,0.359037
2026-04-04T22:57:59.469526254Z,0.351275
2026-04-04T22:57:59.719878864Z,0.345988
2026-04-04T22:57:59.97082019Z,0.346515
2026-04-04T22:57:59.993724215Z,0.344414
2026-04-04T22:58:00.24972624Z,0.349358
2026-04-04T22:58:00.468796842Z,0.359678
2026-04-04T22:58:00.471184732Z,0.377842
2026-04-04T22:58:00.718858782Z,0.368284
2026-04-04T22:58:00.742757957Z,0.368251
2026-04-04T22:58:00.970680192Z,0.368759
2026-04-04T22:58:01.746876291Z,0.371994
2026-04-04T22:58:01.968792072Z,0.382539
2026-04-04T22:58:02.220227929Z,0.382539
2026-04-04T22:58:02.469715471Z,0.383001
2026-04-04T22:58:02.498073853Z,0.401374
2026-04-04T22:58:03.244697224Z,0.393531
2026-04-04T22:58:03.471838147Z,0.404262
2026-04-04T22:58:03.740866988Z,0.421447
2026-04-04T22:58:03.970983763Z,0.411424
2026-04-04T22:58:04.223016066Z,0.410307
2026-04-04T22:58:04.247464147Z,0.409346
2026-04-04T22:58:04.471140439Z,0.412794
2026-04-04T22:58:04.490493385Z,0.411912
2026-04-04T22:58:04.719978039Z,0.414715
2026-04-04T22:58:04.969471357Z,0.415131
2026-04-04T22:58:05.2368731Z,0.415131
2026-04-04T22:58:05.249956006Z,0.414248
2026-04-04T22:58:05.489679839Z,0.416128
2026-04-04T22:58:05.971461128Z,0.417988
2026-04-04T22:58:06.219543656Z,0.417988
2026-04-04T22:58:06.247692843Z,0.419628
2026-04-04T22:58:06.470488527Z,0.418183
2026-04-04T22:58:06.969520774Z,0.41861
2026-04-04T22:58:07.219461568Z,0.414196
2026-04-04T22:58:07.470302129Z,0.414196
2026-04-04T22:58:07.970520892Z,0.41464
2026-04-04T22:58:08.249427369Z,0.414233
2026-04-04T22:58:08.470325878Z,0.416124
2026-04-04T22:58:08.496850732Z,0.416118
2026-04-04T22:58:08.968211331Z,0.414676
2026-04-04T22:58:09.27386605Z,0.413367
2026-04-04T22:58:09.473963416Z,0.415256
2026-04-04T22:58:09.719419494Z,0.443758
2026-04-04T22:58:09.751762268Z,0.440348
2026-04-04T22:58:09.972480473Z,0.442294
2026-04-04T22:58:10.219709739Z,0.416903
2026-04-04T22:58:10.471565224Z,0.416465
2026-04-04T22:58:10.500158105Z,0.417825
2026-04-04T22:58:10.719371268Z,0.417151
2026-04-04T22:58:10.723212377Z,0.415962
2026-04-04T22:58:10.970426661Z,0.415951
2026-04-04T22:58:11.246002231Z,0.412858
2026-04-04T22:58:11.738156605Z,0.404918
2026-04-04T22:58:13.969053623Z,0.399578
2026-04-04T22:58:14.219874969Z,0.399123
2026-04-04T22:58:14.243504142Z,0.39954
2026-04-04T22:58:14.720048637Z,0.399142
2026-04-04T22:58:14.995713469Z,0.398973
2026-04-04T22:58:16.720338691Z,0.395819
2026-04-04T22:58:16.750671891Z,0.39467
2026-04-04T22:58:16.970651777Z,0.397934
2026-04-04T22:58:16.996081569Z,0.400736
2026-04-04T22:58:17.219630101Z,0.39801
2026-04-04T22:58:17.471305364Z,0.397812
2026-04-04T22:58:17.487026626Z,0.397961
2026-04-04T22:58:17.719445967Z,0.398827
2026-04-04T22:58:18.47130444Z,0.398827
2026-04-04T22:58:18.719174688Z,0.399269
2026-04-04T22:58:18.75283918Z,0.39941
2026-04-04T22:58:18.969452863Z,0.399845
2026-04-04T22:58:19.253965309Z,0.399654
2026-04-04T22:58:19.518141875Z,0.400043
2026-04-04T22:58:19.744684663Z,0.399528
2026-04-04T22:58:19.970553738Z,0.399664
2026-04-04T22:58:19.98444349Z,0.399766
2026-04-04T22:58:20.743632516Z,0.399598
2026-04-04T22:58:21.469286311Z,0.39833
2026-04-04T22:58:21.72009045Z,0.398768
2026-04-04T22:58:22.969973418Z,0.397698
2026-04-04T22:58:22.987325397Z,0.397783
2026-04-04T22:58:23.219775671Z,0.398755
2026-04-04T22:58:23.472562702Z,0.398755
2026-04-04T22:58:23.722218881Z,0.399197
2026-04-04T22:58:24.469542325Z,0.399643
2026-04-04T22:58:25.220432709Z,0.399643
2026-04-04T22:58:25.471162576Z,0.399475
2026-04-04T22:58:25.480764811Z,0.398562
2026-04-04T22:58:25.719875157Z,0.401562
2026-04-04T22:58:26.220202915Z,0.401128
2026-04-04T22:58:27.720349896Z,0.401107
2026-04-04T22:58:27.971917157Z,0.401534
2026-04-04T22:58:28.762390505Z,0.405401
2026-04-04T22:58:28.969794571Z,0.401415
2026-04-04T22:58:29.036644621Z,0.400043
2026-04-04T22:58:29.259062587Z,0.408733
2026-04-04T22:58:29.97092116Z,0.404114
2026-04-04T22:58:29.992620102Z,0.402718
2026-04-04T22:58:30.242973254Z,0.406867
2026-04-04T22:58:30.470855957Z,0.4186
2026-04-04T22:58:30.719697175Z,0.408341
2026-04-04T22:58:32.719519339Z,0.40745
2026-04-04T22:58:32.730231019Z,0.407517
2026-04-04T22:58:32.994810377Z,0.407616
2026-04-04T22:58:33.718574932Z,0.408037
2026-04-04T22:58:34.22097322Z,0.407566
2026-04-04T22:58:34.970794165Z,0.407977
2026-04-04T22:58:35.229678275Z,0.407546
2026-04-04T22:58:36.971026521Z,0.401968
2026-04-04T22:58:39.107265596Z,0.398812
2026-04-04T22:58:40.719877089Z,0.394053
2026-04-04T22:58:40.96949943Z,0.394053
2026-04-04T22:58:42.220894324Z,0.393782
2026-04-04T22:58:42.47220805Z,0.394056
2026-04-04T22:58:42.496640304Z,0.394294
2026-04-04T22:58:42.718629584Z,0.394644
2026-04-04T22:58:42.753542999Z,0.394981
2026-04-04T22:58:43.470444252Z,0.394334
2026-04-04T22:58:43.972255563Z,0.391064
2026-04-04T22:58:45.970261166Z,0.386542
2026-04-04T22:58:47.219084099Z,0.386167
2026-04-04T22:58:47.970033485Z,0.383087
2026-04-04T22:58:49.012523013Z,0.382807
2026-04-04T22:58:49.972116427Z,0.382415
2026-04-04T22:58:50.220489846Z,0.379319
2026-04-04T22:58:50.497158838Z,0.379312
2026-04-04T22:58:51.219877052Z,0.378309
2026-04-04T22:58:51.24969383Z,0.371522
2026-04-04T22:58:52.014480562Z,0.369974
2026-04-04T22:58:52.242459404Z,0.375081
2026-04-04T22:58:52.31069494Z,0.443703
2026-04-04T22:58:52.470525562Z,0.43701
2026-04-04T22:58:52.720315499Z,0.430559
2026-04-04T22:58:52.969093129Z,0.424282
2026-04-04T22:58:52.994972447Z,0.426225
2026-04-04T22:58:53.220412328Z,0.393041
2026-04-04T22:58:53.472098003Z,0.422789
2026-04-04T22:58:53.492483974Z,0.426897
2026-04-04T22:58:53.72168151Z,0.426055
2026-04-04T22:58:53.745601739Z,0.42943
2026-04-04T22:58:53.970752895Z,0.40525
2026-04-04T22:58:54.220506188Z,0.404585
2026-04-04T22:58:54.229328973Z,0.40432
2026-04-04T22:58:54.471989405Z,0.392121
2026-04-04T22:58:55.2053255Z,0.385468
2026-04-04T22:58:55.476677691Z,0.4102
2026-04-04T22:58:55.720733595Z,0.404722
2026-04-04T22:58:55.970645827Z,0.40323
2026-04-04T22:58:55.992277373Z,0.405604
2026-04-04T22:58:56.219185955Z,0.404713
2026-04-04T22:58:56.472353853Z,0.405206
2026-04-04T22:58:56.499362268Z,0.405941
2026-04-04T22:58:56.720651138Z,0.406817
2026-04-04T22:58:56.971843538Z,0.40699
2026-04-04T22:58:57.219209876Z,0.393399
2026-04-04T22:58:57.471183349Z,0.393399
2026-04-04T22:58:57.474716377Z,0.393544
2026-04-04T22:58:57.971334093Z,0.393559
2026-04-04T22:58:58.220489243Z,0.393509
2026-04-04T22:58:58.719279082Z,0.393448
2026-04-04T22:58:58.771259656Z,0.393987
2026-04-04T22:58:58.973013773Z,0.393263
2026-04-04T22:58:59.030464146Z,0.393263
2026-04-04T22:58:59.221516831Z,0.393263
2026-04-04T22:58:59.266484648Z,0.393284
2026-04-04T22:58:59.506689475Z,0.393302
2026-04-04T22:58:59.972756091Z,0.393259
2026-04-04T22:59:00.219772052Z,0.376093
2026-04-04T22:59:00.47034714Z,0.365109
2026-04-04T22:59:00.719501633Z,0.36501
2026-04-04T22:59:01.469988561Z,0.345753
2026-04-04T22:59:01.971472698Z,0.345607
2026-04-04T22:59:02.221751709Z,0.345607
2026-04-04T22:59:02.470755247Z,0.331961
2026-04-04T22:59:02.7203177Z,0.309409
2026-04-04T22:59:03.218901792Z,0.309658
2026-04-04T22:59:03.468547173Z,0.309658
2026-04-04T22:59:03.969923012Z,0.290121
2026-04-04T22:59:04.244074393Z,0.286019
2026-04-04T22:59:04.470270512Z,0.286028
2026-04-04T22:59:04.494670913Z,0.282741
2026-04-04T22:59:04.721401267Z,0.283348
2026-04-04T22:59:04.993288046Z,0.283873
2026-04-04T22:59:05.539750191Z,0.278782
2026-04-04T22:59:07.218985726Z,0.278199
2026-04-04T22:59:07.470022288Z,0.278199
2026-04-04T22:59:07.719718368Z,0.278199
2026-04-04T22:59:07.722248344Z,0.278984
2026-04-04T22:59:08.469592203Z,0.277108
2026-04-04T22:59:08.718656679Z,0.276775
2026-04-04T22:59:08.772192713Z,0.276811
2026-04-04T22:59:08.971518843Z,0.276425
2026-04-04T22:59:08.990845434Z,0.277213
2026-04-04T22:59:09.219850687Z,0.289602
2026-04-04T22:59:09.237996933Z,0.29088
2026-04-04T22:59:09.473621053Z,0.279116
2026-04-04T22:59:09.516231979Z,0.283794
2026-04-04T22:59:09.719584749Z,0.278434
2026-04-04T22:59:09.732830114Z,0.280413
2026-04-04T22:59:09.975533761Z,0.274934
2026-04-04T22:59:09.991261365Z,0.276579
2026-04-04T22:59:10.220564344Z,0.276579
2026-04-04T22:59:10.472353566Z,0.276648
2026-04-04T22:59:10.721317638Z,0.276336
2026-04-04T22:59:10.971150085Z,0.276019
2026-04-04T22:59:11.219656047Z,0.276329
2026-04-04T22:59:11.470294388Z,0.276336
2026-04-04T22:59:12.489164015Z,0.277221
2026-04-04T22:59:12.720456851Z,0.280215
2026-04-04T22:59:12.749567131Z,0.285418
2026-04-04T22:59:12.969199634Z,0.311041
2026-04-04T22:59:13.469400839Z,0.285082
2026-04-04T22:59:13.741717962Z,0.28643
2026-04-04T22:59:14.964544663Z,0.297011
2026-04-04T22:59:14.973546473Z,0.292885
2026-04-04T22:59:15.220399351Z,0.292885
2026-04-04T22:59:15.470198264Z,0.293173
2026-04-04T22:59:15.719587379Z,0.293468
2026-04-04T22:59:15.971076881Z,0.293769
2026-04-04T22:59:16.220123085Z,0.294076
2026-04-04T22:59:16.719281886Z,0.294389
2026-04-04T22:59:16.98768321Z,0.290857
2026-04-04T22:59:17.245743301Z,0.293291
2026-04-04T22:59:17.720260753Z,0.296984
2026-04-04T22:59:18.970414166Z,0.296207
2026-04-04T22:59:19.017702667Z,0.296461
2026-04-04T22:59:19.228986314Z,0.296721
2026-04-04T22:59:19.264367782Z,0.299765
2026-04-04T22:59:19.469888786Z,0.297696
2026-04-04T22:59:19.516017544Z,0.301524
2026-04-04T22:59:19.973088037Z,0.298059
2026-04-04T22:59:21.219731921Z,0.297924
2026-04-04T22:59:21.472614663Z,0.297924
2026-04-04T22:59:21.483119168Z,0.3008
2026-04-04T22:59:21.720529563Z,0.298589
2026-04-04T22:59:21.747990311Z,0.302893
2026-04-04T22:59:21.970561522Z,0.308556
2026-04-04T22:59:21.993643177Z,0.317351
2026-04-04T22:59:22.219117478Z,0.312694
2026-04-04T22:59:22.222027632Z,0.312949
2026-04-04T22:59:22.471858159Z,0.313226
2026-04-04T22:59:22.493771734Z,0.313506
2026-04-04T22:59:22.750275798Z,0.315276
2026-04-04T22:59:22.969425848Z,0.319993
2026-04-04T22:59:23.470880751Z,0.318983
2026-04-04T22:59:23.72010625Z,0.319467
2026-04-04T22:59:24.719445908Z,0.319215
2026-04-04T22:59:24.740859381Z,0.327699
2026-04-04T22:59:25.21870417Z,0.32296
2026-04-04T22:59:25.490186427Z,0.319222
2026-04-04T22:59:25.722159113Z,0.319232
2026-04-04T22:59:25.747324687Z,0.319501
2026-04-04T22:59:25.997103342Z,0.319867
2026-04-04T22:59:26.221917404Z,0.329454
2026-04-04T22:59:26.246686455Z,0.332705
2026-04-04T22:59:26.47035035Z,0.321749
2026-04-04T22:59:26.475959404Z,0.321802
2026-04-04T22:59:26.720818306Z,0.322529
2026-04-04T22:59:26.74768004Z,0.322836
2026-04-04T22:59:26.970812859Z,0.323117
2026-04-04T22:59:27.218613955Z,0.323424
2026-04-04T22:59:27.238335371Z,0.32373
2026-04-04T22:59:27.471450864Z,0.324058
2026-04-04T22:59:27.500150976Z,0.324388
2026-04-04T22:59:27.749944982Z,0.324372
2026-04-04T22:59:27.996311124Z,0.327809
2026-04-04T22:59:28.46898887Z,0.335045
2026-04-04T22:59:28.970889123Z,0.330942
2026-04-04T22:59:29.009717557Z,0.331248
2026-04-04T22:59:29.262523836Z,0.343246
2026-04-04T22:59:29.472111906Z,0.336504
2026-04-04T22:59:29.73299531Z,0.336807
2026-04-04T22:59:29.984221128Z,0.33302
2026-04-04T22:59:30.719665658Z,0.331679
2026-04-04T22:59:30.969390809Z,0.331679
2026-04-04T22:59:31.219365555Z,0.331993
2026-04-04T22:59:31.469880123Z,0.332313
2026-04-04T22:59:31.718962166Z,0.332639
2026-04-04T22:59:31.970480304Z,0.33297
2026-04-04T22:59:32.219860204Z,0.333307
2026-04-04T22:59:32.468793318Z,0.333649
2026-04-04T22:59:32.718516073Z,0.333997
2026-04-04T22:59:32.970725792Z,0.333435
2026-04-04T22:59:33.218887268Z,0.333435
2026-04-04T22:59:33.470335991Z,0.333784
2026-04-04T22:59:33.494196037Z,0.337988
2026-04-04T22:59:33.719709508Z,0.345045
2026-04-04T22:59:33.969486137Z,0.345372
2026-04-04T22:59:34.218684871Z,0.345705
2026-04-04T22:59:34.470398328Z,0.345705
2026-04-04T22:59:34.718485688Z,0.346044
2026-04-04T22:59:34.970267936Z,0.346387
2026-04-04T22:59:34.981534651Z,0.359158
2026-04-04T22:59:35.219443032Z,0.352321
2026-04-04T22:59:35.239826287Z,0.352327
2026-04-04T22:59:35.470970507Z,0.352666
2026-04-04T22:59:35.720260571Z,0.35302
2026-04-04T22:59:35.97091894Z,0.353379
2026-04-04T22:59:36.219485636Z,0.353743
2026-04-04T22:59:36.226796364Z,0.354105
2026-04-04T22:59:36.968677012Z,0.35449
2026-04-04T22:59:37.22044093Z,0.35711
2026-04-04T22:59:37.470172669Z,0.364688
2026-04-04T22:59:39.015365021Z,0.365045
2026-04-04T22:59:39.218189701Z,0.365045
2026-04-04T22:59:39.511179961Z,0.377643
2026-04-04T22:59:40.225121428Z,0.372533
2026-04-04T22:59:40.97068066Z,0.379562
2026-04-04T22:59:40.993878719Z,0.391696
2026-04-04T22:59:41.218914849Z,0.384593
2026-04-04T22:59:41.470486983Z,0.384936
2026-04-04T22:59:41.481128109Z,0.385292
2026-04-04T22:59:41.969595037Z,0.385635
2026-04-04T22:59:42.219320581Z,0.385993
2026-04-04T22:59:42.24554921Z,0.387221
2026-04-04T22:59:42.469608437Z,0.395032
2026-04-04T22:59:43.220991719Z,0.39403
2026-04-04T22:59:43.469557783Z,0.394359
2026-04-04T22:59:43.717880791Z,0.405826
2026-04-04T22:59:44.21866944Z,0.398292
2026-04-04T22:59:45.220510093Z,0.398623
2026-04-04T22:59:46.719473308Z,0.398623
2026-04-04T22:59:46.748199979Z,0.399736
2026-04-04T22:59:46.97220649Z,0.418813
2026-04-04T22:59:47.47036443Z,0.411195
2026-04-04T22:59:48.246590863Z,0.411605
2026-04-04T22:59:49.025129454Z,0.419226
2026-04-04T22:59:50.718544164Z,0.418646
2026-04-04T22:59:51.220124882Z,0.418649
2026-04-04T22:59:51.468661777Z,0.418649
2026-04-04T22:59:51.70837583Z,0.429919
2026-04-04T22:59:51.969199633Z,0.422534
2026-04-04T22:59:52.221866017Z,0.421934
2026-04-04T22:59:52.246781233Z,0.421927
2026-04-04T22:59:52.969935033Z,0.405599
2026-04-04T22:59:52.995450542Z,0.403436
2026-04-04T22:59:53.970412534Z,0.402744
2026-04-04T22:59:53.991750497Z,0.413143
2026-04-04T22:59:55.219881544Z,0.403264
2026-04-04T22:59:55.970805076Z,0.39847
2026-04-04T22:59:56.493953127Z,0.394253
2026-04-04T22:59:56.718156237Z,0.400703
2026-04-04T22:59:56.971834921Z,0.399724
2026-04-04T22:59:56.982996891Z,0.409237
2026-04-04T22:59:57.219641506Z,0.401683
2026-04-04T22:59:57.249680861Z,0.402017
2026-04-04T22:59:57.46949673Z,0.409897
2026-04-04T22:59:57.718459891Z,0.40955
2026-04-04T22:59:57.971989802Z,0.40955
2026-04-04T22:59:58.259601247Z,0.40955
2026-04-04T22:59:58.289683227Z,0.420123
2026-04-04T22:59:59.003210744Z,0.412076
2026-04-04T22:59:59.017606252Z,0.412156
2026-04-04T22:59:59.222762109Z,0.41945
2026-04-04T22:59:59.278822179Z,0.429536
2026-04-04T22:59:59.471224372Z,0.422212
2026-04-04T22:59:59.720457239Z,0.422212
2026-04-04T23:00:00.223135152Z,0.421918
2026-04-04T23:00:00.246120489Z,0.421008
2026-04-04T23:00:00.471083619Z,0.426731
2026-04-04T23:00:00.499696077Z,0.426268
2026-04-04T23:00:00.720740758Z,0.427546
2026-04-04T23:00:00.968610267Z,0.42744
2026-04-04T23:00:00.971219511Z,0.428343
2026-04-04T23:00:01.969638061Z,0.428343
2026-04-04T23:00:02.219760521Z,0.428343
2026-04-04T23:00:02.224909062Z,0.428798
2026-04-04T23:00:02.499239451Z,0.428193
2026-04-04T23:00:02.719362573Z,0.42848
2026-04-04T23:00:02.969845289Z,0.42848
2026-04-04T23:00:02.99817241Z,0.432529
2026-04-04T23:00:03.471244127Z,0.428468
2026-04-04T23:00:03.718840394Z,0.428774
2026-04-04T23:00:03.729642936Z,0.427604
2026-04-04T23:00:04.218008188Z,0.431353
2026-04-04T23:00:04.470786177Z,0.430783
2026-04-04T23:00:04.497218594Z,0.430776
2026-04-04T23:00:04.719375765Z,0.431091
2026-04-04T23:00:04.742558448Z,0.43128
2026-04-04T23:00:05.495109472Z,0.430999
2026-04-04T23:00:05.719684596Z,0.430999
2026-04-04T23:00:05.744399388Z,0.433633
2026-04-04T23:00:05.969331643Z,0.431376
2026-04-04T23:00:06.219938304Z,0.431699
2026-04-04T23:00:06.468774862Z,0.432027
2026-04-04T23:00:06.746070674Z,0.432368
2026-04-04T23:00:06.970087982Z,0.432695
2026-04-04T23:00:06.995740736Z,0.433031
2026-04-04T23:00:07.217769073Z,0.43339
2026-04-04T23:00:07.247588419Z,0.433397
2026-04-04T23:00:07.470637768Z,0.433386
2026-04-04T23:00:07.718776385Z,0.433739
2026-04-04T23:00:08.218598699Z,0.433561
2026-04-04T23:00:08.718869318Z,0.432951
2026-04-04T23:00:08.968657794Z,0.432951
2026-04-04T23:00:09.022414198Z,0.432785
2026-04-04T23:00:09.218418751Z,0.433127
2026-04-04T23:00:09.47279298Z,0.430993
2026-04-04T23:00:09.971456019Z,0.429632
2026-04-04T23:00:10.47089754Z,0.428979
2026-04-04T23:00:10.718289864Z,0.428979
2026-04-04T23:00:10.970827611Z,0.428979
2026-04-04T23:00:10.98775412Z,0.428972
2026-04-04T23:00:11.218615464Z,0.429306
2026-04-04T23:00:11.230578914Z,0.429314
2026-04-04T23:00:11.719269051Z,0.427457
2026-04-04T23:00:11.97144024Z,0.427793
2026-04-04T23:00:12.220221037Z,0.428134
2026-04-04T23:00:12.470659898Z,0.42848
2026-04-04T23:00:12.718887728Z,0.42848
2026-04-04T23:00:12.970465729Z,0.42584
2026-04-04T23:00:12.989787758Z,0.427198
2026-04-04T23:00:13.219468388Z,0.426296
2026-04-04T23:00:13.47088727Z,0.424141
2026-04-04T23:00:13.749486978Z,0.423493
2026-04-04T23:00:14.471668405Z,0.423868
2026-04-04T23:00:14.747577401Z,0.424244
2026-04-04T23:00:15.470564082Z,0.423142
2026-04-04T23:00:15.969107534Z,0.423142
2026-04-04T23:00:16.718722706Z,0.422788
2026-04-04T23:00:16.969453592Z,0.422791
2026-04-04T23:00:16.97718622Z,0.423137
2026-04-04T23:00:17.469634628Z,0.419042
2026-04-04T23:00:17.494050709Z,0.419417
2026-04-04T23:00:18.973235853Z,0.419039
2026-04-04T23:00:19.010755188Z,0.419406
2026-04-04T23:00:19.221318914Z,0.419406
2026-04-04T23:00:20.470575267Z,0.418309
2026-04-04T23:00:20.719520877Z,0.418655
2026-04-04T23:00:20.971253223Z,0.419007
2026-04-04T23:00:21.715258848Z,0.418525
2026-04-04T23:00:21.719227331Z,0.418861
2026-04-04T23:00:22.219535701Z,0.411398
2026-04-04T23:00:22.469075763Z,0.411398
2026-04-04T23:00:22.496588875Z,0.407378
2026-04-04T23:00:22.719776289Z,0.407718
2026-04-04T23:00:22.969906856Z,0.407175
2026-04-04T23:00:23.220357615Z,0.407527
2026-04-04T23:00:23.720335332Z,0.407175
2026-04-04T23:00:24.469900568Z,0.407527
2026-04-04T23:00:24.969661821Z,0.40618
2026-04-04T23:00:26.470338123Z,0.403113
2026-04-04T23:00:27.717543959Z,0.400552
2026-04-04T23:00:27.971494892Z,0.392733
2026-04-04T23:00:29.01382179Z,0.388871
2026-04-04T23:00:29.220427674Z,0.38916
2026-04-04T23:00:31.21816897Z,0.387774
2026-04-04T23:00:31.493835854Z,0.388252
2026-04-04T23:00:31.719041458Z,0.387277
2026-04-04T23:00:31.990715875Z,0.387969
2026-04-04T23:00:32.718777999Z,0.386542
2026-04-04T23:00:33.218766686Z,0.386542
2026-04-04T23:00:34.738417938Z,0.375972
2026-04-04T23:00:35.220675486Z,0.373241
2026-04-04T23:00:35.232412248Z,0.375081
2026-04-04T23:00:35.718170496Z,0.372945
2026-04-04T23:00:35.993165456Z,0.372722
2026-04-04T23:00:37.970889178Z,0.362996
2026-04-04T23:00:38.219041891Z,0.36322
2026-04-04T23:00:38.739499353Z,0.362708
2026-04-04T23:00:39.021136902Z,0.364588
2026-04-04T23:00:39.218657056Z,0.362716
2026-04-04T23:00:39.471474306Z,0.361465
2026-04-04T23:00:39.50724332Z,0.363385
2026-04-04T23:00:39.72043448Z,0.352412
2026-04-04T23:00:39.747833174Z,0.352688
2026-04-04T23:00:40.469254498Z,0.352698
2026-04-04T23:00:40.71826382Z,0.352987
2026-04-04T23:00:40.992530055Z,0.349258
2026-04-04T23:00:41.219271247Z,0.348957
2026-04-04T23:00:41.719020792Z,0.348677
2026-04-04T23:00:41.969901081Z,0.348677
2026-04-04T23:00:41.994502358Z,0.348955
2026-04-04T23:00:42.219568091Z,0.339722
2026-04-04T23:00:43.21854485Z,0.339404
2026-04-04T23:00:43.244699347Z,0.338718
2026-04-04T23:00:43.495927561Z,0.338154
2026-04-04T23:00:43.719090574Z,0.336278
2026-04-04T23:00:43.970329594Z,0.336597
2026-04-04T23:00:44.246118322Z,0.336603
2026-04-04T23:00:44.720709914Z,0.336917
2026-04-04T23:00:44.97160412Z,0.337246
2026-04-04T23:00:45.968811268Z,0.337246
2026-04-04T23:00:45.992587417Z,0.337575
2026-04-04T23:00:46.718228503Z,0.337925
2026-04-04T23:00:46.741978002Z,0.328561
2026-04-04T23:00:46.969174268Z,0.324038
2026-04-04T23:00:47.218511979Z,0.324038
2026-04-04T23:00:47.471695647Z,0.314269
2026-04-04T23:00:47.719071479Z,0.31468
2026-04-04T23:00:47.969253778Z,0.315097
2026-04-04T23:00:47.98061828Z,0.315511
2026-04-04T23:00:48.469532315Z,0.315521
2026-04-04T23:00:48.719278191Z,0.315945
2026-04-04T23:00:48.758500767Z,0.316362
2026-04-04T23:00:48.971092257Z,0.316815
2026-04-04T23:00:49.014222297Z,0.317228
2026-04-04T23:00:50.219901816Z,0.317266
2026-04-04T23:00:50.243459114Z,0.317714
2026-04-04T23:00:51.47290456Z,0.311794
2026-04-04T23:00:51.718531276Z,0.311794
2026-04-04T23:00:51.970720032Z,0.311794
2026-04-04T23:00:52.469644393Z,0.311354
2026-04-04T23:00:52.725749398Z,0.311791
2026-04-04T23:00:52.73797174Z,0.312226
2026-04-04T23:00:52.971742336Z,0.302208
2026-04-04T23:00:53.47174832Z,0.302208
2026-04-04T23:00:53.719619027Z,0.302682
2026-04-04T23:00:53.742092692Z,0.303165
2026-04-04T23:00:53.969541392Z,0.303637
2026-04-04T23:00:53.992900638Z,0.297432
2026-04-04T23:00:54.471717989Z,0.297926
2026-04-04T23:00:54.501507125Z,0.298422
2026-04-04T23:00:54.970260867Z,0.298905
2026-04-04T23:00:55.245102041Z,0.298899
2026-04-04T23:00:55.473029314Z,0.299404
2026-04-04T23:00:55.999972042Z,0.288304
2026-04-04T23:00:57.47012729Z,0.268496
2026-04-04T23:00:57.720942678Z,0.268496
2026-04-04T23:00:57.970800019Z,0.269031
2026-04-04T23:00:57.997467763Z,0.27072
2026-04-04T23:00:58.245313216Z,0.269416
2026-04-04T23:00:58.473183891Z,0.262913
2026-04-04T23:00:58.719693005Z,0.263454
2026-04-04T23:00:58.970426942Z,0.263998
2026-04-04T23:00:59.013070794Z,0.250717
2026-04-04T23:00:59.222275494Z,0.269082
2026-04-04T23:00:59.269300106Z,0.260674
2026-04-04T23:00:59.471702467Z,0.264504
2026-04-04T23:00:59.721842962Z,0.247747
2026-04-04T23:01:00.220051847Z,0.24813
2026-04-04T23:01:00.235495345Z,0.23962
2026-04-04T23:01:00.751822612Z,0.235919
2026-04-04T23:01:00.754027818Z,0.236496
2026-04-04T23:01:00.971319463Z,0.235922
2026-04-04T23:01:00.986448292Z,0.25363
2026-04-04T23:01:01.220467285Z,0.245268
2026-04-04T23:01:01.24806527Z,0.247173
2026-04-04T23:01:01.472114922Z,0.240348
2026-04-04T23:01:01.482900554Z,0.240914
2026-04-04T23:01:01.722249387Z,0.241496
2026-04-04T23:01:01.744792958Z,0.241843
2026-04-04T23:01:01.97040173Z,0.242605
2026-04-04T23:01:02.219793233Z,0.242663
2026-04-04T23:01:02.471982686Z,0.242666
2026-04-04T23:01:02.500896308Z,0.242551
2026-04-04T23:01:03.47027894Z,0.239759
2026-04-04T23:01:03.718675218Z,0.239759
2026-04-04T23:01:04.718097147Z,0.232462
2026-04-04T23:01:04.72935194Z,0.23247
2026-04-04T23:01:04.969439197Z,0.232462
2026-04-04T23:01:05.0015399Z,0.233026
2026-04-04T23:01:05.221147346Z,0.233605
2026-04-04T23:01:05.472069948Z,0.234179
2026-04-04T23:01:05.971498948Z,0.231036
2026-04-04T23:01:06.471898952Z,0.230472
2026-04-04T23:01:06.719491682Z,0.231038
2026-04-04T23:01:08.471021435Z,0.227126
2026-04-04T23:01:08.719299996Z,0.227126
2026-04-04T23:01:08.971267759Z,0.227126
2026-04-04T23:01:09.015479125Z,0.227677
2026-04-04T23:01:09.219504409Z,0.227126
2026-04-04T23:01:09.265994843Z,0.228385
2026-04-04T23:01:09.471263018Z,0.230693
2026-04-04T23:01:09.719192039Z,0.230693
2026-04-04T23:01:10.219965582Z,0.230693
2026-04-04T23:01:10.472027694Z,0.230693
2026-04-04T23:01:10.721861519Z,0.230693
2026-04-04T23:01:10.742308994Z,0.23124
2026-04-04T23:01:11.223419074Z,0.230147
2026-04-04T23:01:11.481009593Z,0.230089
2026-04-04T23:01:11.718745661Z,0.230732
2026-04-04T23:01:11.741855771Z,0.230738
2026-04-04T23:01:11.970543654Z,0.231281
2026-04-04T23:01:12.219355236Z,0.231281
2026-04-04T23:01:12.249631379Z,0.231228
2026-04-04T23:01:12.493354595Z,0.232303
2026-04-04T23:01:12.969595727Z,0.232317
2026-04-04T23:01:12.97099147Z,0.232112
2026-04-04T23:01:13.218957462Z,0.232112
2026-04-04T23:01:13.471542658Z,0.23156
2026-04-04T23:01:13.718710321Z,0.232109
2026-04-04T23:01:13.970823903Z,0.232109
2026-04-04T23:01:14.219458208Z,0.23266
2026-04-04T23:01:15.220458621Z,0.232111
2026-04-04T23:01:16.469811022Z,0.231563
2026-04-04T23:01:16.970389287Z,0.231014
2026-04-04T23:01:16.995298226Z,0.231009
2026-04-04T23:01:17.219416496Z,0.231563
2026-04-04T23:01:17.245221534Z,0.233738
2026-04-04T23:01:17.49812899Z,0.231988
2026-04-04T23:01:17.718751853Z,0.233714
2026-04-04T23:01:17.969816697Z,0.234263
2026-04-04T23:01:18.219066606Z,0.234814
2026-04-04T23:01:18.469819177Z,0.235369
2026-04-04T23:01:18.720175438Z,0.235925
2026-04-04T23:01:18.765282215Z,0.236479
2026-04-04T23:01:18.969785489Z,0.237049
2026-04-04T23:01:19.033396931Z,0.236487
2026-04-04T23:01:19.468720212Z,0.236487
2026-04-04T23:01:19.719599722Z,0.253262
2026-04-04T23:01:19.73629833Z,0.25666
2026-04-04T23:01:19.96982038Z,0.246551
2026-04-04T23:01:20.219672281Z,0.246965
2026-04-04T23:01:20.471999955Z,0.247323
2026-04-04T23:01:20.498320234Z,0.24813
2026-04-04T23:01:20.718325105Z,0.244928
2026-04-04T23:01:21.219649688Z,0.24437
2026-04-04T23:01:21.246955476Z,0.244946
2026-04-04T23:01:21.469066962Z,0.245482
2026-04-04T23:01:21.717716479Z,0.24548
2026-04-04T23:01:21.747828358Z,0.245474
2026-04-04T23:01:21.970783669Z,0.246046
2026-04-04T23:01:22.218002252Z,0.246612
2026-04-04T23:01:22.971291521Z,0.244366
2026-04-04T23:01:23.002239045Z,0.245503
2026-04-04T23:01:23.21930328Z,0.248074
2026-04-04T23:01:23.469408625Z,0.248074
2026-04-04T23:01:23.73399462Z,0.248068
2026-04-04T23:01:24.220253257Z,0.248635
2026-04-04T23:01:24.469882754Z,0.249196
2026-04-04T23:01:24.720168805Z,0.249196
2026-04-04T23:01:24.969409443Z,0.24976
2026-04-04T23:01:25.718308286Z,0.24976
2026-04-04T23:01:26.22163016Z,0.250327
2026-04-04T23:01:26.250047856Z,0.250902
2026-04-04T23:01:26.470859532Z,0.250894
2026-04-04T23:01:26.498501939Z,0.257214
2026-04-04T23:01:27.719400443Z,0.307066
2026-04-04T23:01:27.722877201Z,0.332084
2026-04-04T23:01:27.989154228Z,0.387931
2026-04-04T23:01:28.21963185Z,0.372545
2026-04-04T23:01:28.481591666Z,0.388012
2026-04-04T23:01:28.720859647Z,0.404324
2026-04-04T23:01:28.763918967Z,0.406736
2026-04-04T23:01:28.97104444Z,0.404788
2026-04-04T23:01:29.015747155Z,0.432446
2026-04-04T23:01:29.220774177Z,0.418387
2026-04-04T23:01:29.270964003Z,0.425425
2026-04-04T23:01:29.471809188Z,0.439789
2026-04-04T23:01:29.491656034Z,0.438851
2026-04-04T23:01:29.720582921Z,0.445828
2026-04-04T23:01:29.971479661Z,0.446076
2026-04-04T23:01:29.975300684Z,0.445209
2026-04-04T23:01:30.219530936Z,0.44744
2026-04-04T23:01:30.236699533Z,0.447694
2026-04-04T23:01:30.471463729Z,0.447972
2026-04-04T23:01:30.720136089Z,0.448245
2026-04-04T23:01:30.97038676Z,0.448524
2026-04-04T23:01:30.997237812Z,0.448816
2026-04-04T23:01:31.219859361Z,0.448999
2026-04-04T23:01:31.488225608Z,0.449279
2026-04-04T23:01:31.533434907Z,0.44929
2026-04-04T23:01:31.762692996Z,0.449476
2026-04-04T23:01:31.971727328Z,0.449769
2026-04-04T23:01:32.221919711Z,0.449769
2026-04-04T23:01:33.719569077Z,0.449739
2026-04-04T23:01:33.973350708Z,0.450044
2026-04-04T23:01:34.220005026Z,0.450355
2026-04-04T23:01:34.246760202Z,0.450662
2026-04-04T23:01:34.492027311Z,0.451002
2026-04-04T23:01:34.52313489Z,0.451316
2026-04-04T23:01:34.969997973Z,0.451316
2026-04-04T23:01:34.998936062Z,0.450337
2026-04-04T23:01:35.470839404Z,0.457903
2026-04-04T23:01:35.719497635Z,0.457901
2026-04-04T23:01:35.742345554Z,0.468301
2026-04-04T23:01:35.969944496Z,0.460918
2026-04-04T23:01:36.218909273Z,0.460918
2026-04-04T23:01:36.720784739Z,0.461238
2026-04-04T23:01:36.975546456Z,0.461554
2026-04-04T23:01:37.21946752Z,0.461894
2026-04-04T23:01:37.232758209Z,0.462237
2026-04-04T23:01:37.718816103Z,0.462565
2026-04-04T23:01:37.970100578Z,0.462908
2026-04-04T23:01:38.219829864Z,0.461765
2026-04-04T23:01:39.011128658Z,0.461765
2026-04-04T23:01:39.220791755Z,0.461331
2026-04-04T23:01:39.71914563Z,0.461205
2026-04-04T23:01:40.617905574Z,0.460545
2026-04-04T23:01:40.721131209Z,0.460548
2026-04-04T23:01:41.219441532Z,0.460227
2026-04-04T23:01:41.470748358Z,0.460548
2026-04-04T23:01:41.49703617Z,0.466729
2026-04-04T23:01:41.969385757Z,0.461509
2026-04-04T23:01:42.248072266Z,0.461391
2026-04-04T23:01:42.47165818Z,0.461037
2026-04-04T23:01:42.733338871Z,0.461366
2026-04-04T23:01:43.471552536Z,0.460409
2026-04-04T23:01:43.718459313Z,0.460409
2026-04-04T23:01:44.969909222Z,0.459453
2026-04-04T23:01:45.472373502Z,0.459453
2026-04-04T23:01:45.719664215Z,0.473312
2026-04-04T23:01:45.971472005Z,0.473103
2026-04-04T23:01:46.22078602Z,0.472842
2026-04-04T23:01:46.471176504Z,0.472835
2026-04-04T23:01:46.754259542Z,0.472159
2026-04-04T23:01:46.970626722Z,0.471493
2026-04-04T23:01:47.218784005Z,0.469548
2026-04-04T23:01:47.469712179Z,0.464142
2026-04-04T23:01:47.969276012Z,0.463541
2026-04-04T23:01:48.244221292Z,0.463296
2026-04-04T23:01:49.024984214Z,0.462492
2026-04-04T23:01:49.221823083Z,0.462767
2026-04-04T23:01:49.970784498Z,0.463047
2026-04-04T23:01:50.219632363Z,0.463332
2026-04-04T23:01:50.221711122Z,0.463343
2026-04-04T23:01:52.220906843Z,0.462492
2026-04-04T23:01:52.471141703Z,0.462492
2026-04-04T23:01:53.220055234Z,0.461957
2026-04-04T23:01:53.718402775Z,0.461957
2026-04-04T23:01:54.47148303Z,0.461202
2026-04-04T23:01:54.81543597Z,0.460965
2026-04-04T23:01:55.218756374Z,0.460962
2026-04-04T23:01:55.470139509Z,0.460962
2026-04-04T23:01:55.718334145Z,0.460103
2026-04-04T23:01:55.969617664Z,0.460346
2026-04-04T23:01:56.219153774Z,0.460346
2026-04-04T23:01:57.218892223Z,0.460596
2026-04-04T23:01:58.219749045Z,0.458896
2026-04-04T23:01:58.88077247Z,0.458433
2026-04-04T23:01:59.013733655Z,0.458203
2026-04-04T23:01:59.470135504Z,0.452786
2026-04-04T23:01:59.717322517Z,0.451369
2026-04-04T23:01:59.970798278Z,0.451354
2026-04-04T23:02:00.472419486Z,0.451356
2026-04-04T23:02:00.725711783Z,0.451594
2026-04-04T23:02:00.745475553Z,0.456975
2026-04-04T23:02:00.969439564Z,0.451947
2026-04-04T23:02:01.016227192Z,0.450337
2026-04-04T23:02:01.22038123Z,0.450584
2026-04-04T23:02:01.535787913Z,0.448928
2026-04-04T23:02:01.750270213Z,0.448319
2026-04-04T23:02:01.764555199Z,0.448543
2026-04-04T23:02:01.970754726Z,0.448543
2026-04-04T23:02:01.995959307Z,0.448777
2026-04-04T23:02:02.219793671Z,0.449035
2026-04-04T23:02:02.249729865Z,0.449043
2026-04-04T23:02:02.71899535Z,0.448091
2026-04-04T23:02:03.470050491Z,0.448341
2026-04-04T23:02:03.722638693Z,0.448091
2026-04-04T23:02:05.220981162Z,0.447376
2026-04-04T23:02:05.244581479Z,0.446063
2026-04-04T23:02:05.471177798Z,0.448906
2026-04-04T23:02:05.494391274Z,0.448837
2026-04-04T23:02:06.22029113Z,0.448936
2026-04-04T23:02:07.472400694Z,0.448709
2026-04-04T23:02:07.97145314Z,0.448936
2026-04-04T23:02:07.992615541Z,0.449161
2026-04-04T23:02:08.220753727Z,0.449411
2026-04-04T23:02:08.234365091Z,0.449649
2026-04-04T23:02:08.469641085Z,0.449911
2026-04-04T23:02:08.498388917Z,0.449918
2026-04-04T23:02:09.014941081Z,0.449656
2026-04-04T23:02:09.220003035Z,0.44823
2026-04-04T23:02:09.971171906Z,0.447748
2026-04-04T23:02:10.469427574Z,0.447748
2026-04-04T23:02:10.720413325Z,0.447748
2026-04-04T23:02:11.041324038Z,0.447513
2026-04-04T23:02:11.219688931Z,0.447745
2026-04-04T23:02:11.471112632Z,0.447704
2026-04-04T23:02:11.723670624Z,0.447476
2026-04-04T23:02:11.970476007Z,0.447476
2026-04-04T23:02:12.218908505Z,0.447476
2026-04-04T23:02:13.722057424Z,0.445391
2026-04-04T23:02:14.219348136Z,0.445391
2026-04-04T23:02:14.719084288Z,0.445391
2026-04-04T23:02:15.115586394Z,0.445581
2026-04-04T23:02:15.221060665Z,0.445581
2026-04-04T23:02:15.471706057Z,0.445777
2026-04-04T23:02:15.719624611Z,0.44598
2026-04-04T23:02:15.970910066Z,0.446189
2026-04-04T23:02:16.218519776Z,0.446405
2026-04-04T23:02:16.470696646Z,0.446405
2026-04-04T23:02:16.718347495Z,0.446627
2026-04-04T23:02:16.969016157Z,0.446855
2026-04-04T23:02:17.002381996Z,0.446616
2026-04-04T23:02:17.24815396Z,0.445999
2026-04-04T23:02:18.718700564Z,0.445159
2026-04-04T23:02:18.970492562Z,0.444781
2026-04-04T23:02:19.016016834Z,0.444965
2026-04-04T23:02:19.719840893Z,0.443508
2026-04-04T23:02:19.970522518Z,0.441427
2026-04-04T23:02:20.218340618Z,0.441613
2026-04-04T23:02:20.249846681Z,0.441151
2026-04-04T23:02:21.238482761Z,0.439023
2026-04-04T23:02:21.263797929Z,0.439012
2026-04-04T23:02:22.46864172Z,0.438349
2026-04-04T23:02:23.306823396Z,0.436599
2026-04-04T23:02:23.719182868Z,0.436595
2026-04-04T23:02:23.970205271Z,0.436595
2026-04-04T23:02:24.219034251Z,0.436741
2026-04-04T23:02:24.718638663Z,0.436595
2026-04-04T23:02:27.31520983Z,0.412489
2026-04-04T23:02:27.471721773Z,0.41263
2026-04-04T23:02:29.025039736Z,0.296493
2026-04-04T23:02:29.327871056Z,0.258996
2026-04-04T23:02:30.218930513Z,0.244767
2026-04-04T23:02:30.472273033Z,0.243759
2026-04-04T23:02:32.739860621Z,0.238933
2026-04-04T23:02:32.98529134Z,0.239397
2026-04-04T23:02:33.718329061Z,0.239876
2026-04-04T23:02:33.971634519Z,0.239876
2026-04-04T23:02:34.244316825Z,0.239406
2026-04-04T23:02:35.47933898Z,0.221043
2026-04-04T23:02:36.219406384Z,0.205272
2026-04-04T23:02:36.242523451Z,0.205775
2026-04-04T23:02:37.220676459Z,0.204771
2026-04-04T23:02:37.718617104Z,0.204771
2026-04-04T23:02:37.999476725Z,0.204273
2026-04-04T23:02:38.218838606Z,0.204768
2026-04-04T23:02:38.253983246Z,0.20549
2026-04-04T23:02:38.470164865Z,0.205304
2026-04-04T23:02:38.500239067Z,0.205805
2026-04-04T23:02:38.764248492Z,0.206334
2026-04-04T23:02:38.969650855Z,0.20684
2026-04-04T23:02:39.035227606Z,0.20684
2026-04-04T23:02:39.220591003Z,0.207356
2026-04-04T23:02:39.245397503Z,0.207353
2026-04-04T23:02:39.504831014Z,0.207879
2026-04-04T23:02:39.519574405Z,0.208404
2026-04-04T23:02:40.719738758Z,0.207875
2026-04-04T23:02:40.971569632Z,0.207875
2026-04-04T23:02:40.997247379Z,0.208393
2026-04-04T23:02:41.223422667Z,0.2084
2026-04-04T23:02:41.466860534Z,0.220235
2026-04-04T23:02:41.559535488Z,0.209535
2026-04-04T23:02:42.218391269Z,0.2096
2026-04-04T23:02:42.71880722Z,0.209081
2026-04-04T23:02:43.219237531Z,0.209081
2026-04-04T23:02:43.485481184Z,0.248471
2026-04-04T23:02:43.678648913Z,0.259682
2026-04-04T23:02:44.223193673Z,0.259682
2026-04-04T23:02:45.220393999Z,0.259682
2026-04-04T23:02:45.487076611Z,0.259461
2026-04-04T23:02:45.560011868Z,0.26034
2026-04-04T23:02:46.720205046Z,0.255974
2026-04-04T23:02:47.21829229Z,0.254375
2026-04-04T23:02:47.22339129Z,0.253983
2026-04-04T23:02:47.605543631Z,0.253974
2026-04-04T23:02:47.721492523Z,0.254387
2026-04-04T23:02:47.971656832Z,0.254262
2026-04-04T23:02:48.219796839Z,0.25468
2026-04-04T23:02:48.96976897Z,0.25468
2026-04-04T23:02:49.019934412Z,0.255102
2026-04-04T23:02:49.221443432Z,0.255102
2026-04-04T23:02:49.496189834Z,0.255102
2026-04-04T23:02:49.747223413Z,0.255308
2026-04-04T23:02:50.210030832Z,0.259444
2026-04-04T23:02:50.221426316Z,0.263709
2026-04-04T23:02:50.474968111Z,0.263709
2026-04-04T23:02:50.497743539Z,0.264118
2026-04-04T23:02:50.727170942Z,0.264517
2026-04-04T23:02:50.970143971Z,0.26493
2026-04-04T23:02:52.22200485Z,0.26493
2026-04-04T23:02:52.470590781Z,0.265347
2026-04-04T23:02:52.720612766Z,0.265347
2026-04-04T23:02:52.971887095Z,0.265768
2026-04-04T23:02:53.219690821Z,0.266194
2026-04-04T23:02:53.469969605Z,0.266194
2026-04-04T23:02:53.972686392Z,0.266194
2026-04-04T23:02:54.21906738Z,0.266624
2026-04-04T23:02:54.475892221Z,0.266624
2026-04-04T23:02:54.492198122Z,0.266919
2026-04-04T23:02:54.746675392Z,0.267452
2026-04-04T23:02:54.971935357Z,0.269663
2026-04-04T23:02:55.236937069Z,0.269486
2026-04-04T23:02:55.470507565Z,0.271698
2026-04-04T23:02:55.498799651Z,0.290801
2026-04-04T23:02:55.733366331Z,0.283135
2026-04-04T23:02:55.737654349Z,0.290975
2026-04-04T23:02:55.972525517Z,0.315771
2026-04-04T23:02:55.97436117Z,0.308081
2026-04-04T23:02:56.474527509Z,0.308081
2026-04-04T23:02:56.477427965Z,0.32692
2026-04-04T23:02:56.718668059Z,0.340533
2026-04-04T23:02:56.742557266Z,0.356442
2026-04-04T23:02:56.97190864Z,0.348114
2026-04-04T23:02:57.218838239Z,0.348391
2026-04-04T23:02:57.484625292Z,0.352145
2026-04-04T23:02:57.973176426Z,0.361023
2026-04-04T23:02:58.219351805Z,0.36127
2026-04-04T23:02:58.719470818Z,0.36127
2026-04-04T23:02:58.972776588Z,0.361267
2026-04-04T23:02:59.011948852Z,0.361521
2026-04-04T23:03:00.219659057Z,0.360778
2026-04-04T23:03:00.718250375Z,0.360778
2026-04-04T23:03:00.970606138Z,0.359311
2026-04-04T23:03:01.263515098Z,0.359092
2026-04-04T23:03:01.494228378Z,0.359318
2026-04-04T23:03:01.495537911Z,0.359534
2026-04-04T23:03:01.790771115Z,0.359092
2026-04-04T23:03:01.971804821Z,0.359088
2026-04-04T23:03:02.718575021Z,0.358674
2026-04-04T23:03:02.971449233Z,0.358674
2026-04-04T23:03:02.98820251Z,0.358872
2026-04-04T23:03:04.220064218Z,0.358677
2026-04-04T23:03:04.469345128Z,0.358883
2026-04-04T23:03:04.970798905Z,0.359095
2026-04-04T23:03:05.000479267Z,0.359322
2026-04-04T23:03:05.47155492Z,0.357281
2026-04-04T23:03:05.8771309Z,0.357281
2026-04-04T23:03:05.972831715Z,0.3575
2026-04-04T23:03:06.219494594Z,0.357727
2026-04-04T23:03:06.971027429Z,0.357727
2026-04-04T23:03:07.218748661Z,0.35796
2026-04-04T23:03:08.472012856Z,0.356859
2026-04-04T23:03:09.029856437Z,0.356661
2026-04-04T23:03:09.472290948Z,0.356661
2026-04-04T23:03:09.721162831Z,0.356859
2026-04-04T23:03:09.746940588Z,0.356211
2026-04-04T23:03:09.994267226Z,0.357711
2026-04-04T23:03:10.037081784Z,0.360736
2026-04-04T23:03:11.221458957Z,0.360166
2026-04-04T23:03:11.245728612Z,0.359477
2026-04-04T23:03:12.222070368Z,0.361311
2026-04-04T23:03:12.471298159Z,0.361471
2026-04-04T23:03:12.720991502Z,0.361639
2026-04-04T23:03:13.720421345Z,0.361815
2026-04-04T23:03:14.470486152Z,0.361639
2026-04-04T23:03:14.719806389Z,0.361639
2026-04-04T23:03:14.970389497Z,0.361815
2026-04-04T23:03:15.219094466Z,0.361815
2026-04-04T23:03:15.718962751Z,0.361639
2026-04-04T23:03:16.024178024Z,0.361471
2026-04-04T23:03:16.219997179Z,0.361471
2026-04-04T23:03:16.71934471Z,0.361311
2026-04-04T23:03:16.970527225Z,0.361307
2026-04-04T23:03:17.469441557Z,0.361159
2026-04-04T23:03:17.718128828Z,0.361311
2026-04-04T23:03:17.748339619Z,0.36116
2026-04-04T23:03:17.999299319Z,0.36185
2026-04-04T23:03:18.011684867Z,0.362014
2026-04-04T23:03:18.220246905Z,0.362196
2026-04-04T23:03:18.47221399Z,0.362386
2026-04-04T23:03:18.722548774Z,0.362386
2026-04-04T23:03:18.969499763Z,0.362584
2026-04-04T23:03:19.01626449Z,0.361787
2026-04-04T23:03:19.218617008Z,0.363097
2026-04-04T23:03:19.471599247Z,0.363299
2026-04-04T23:03:20.061435496Z,0.363097
2026-04-04T23:03:20.220774584Z,0.363093
2026-04-04T23:03:20.471758998Z,0.363097
2026-04-04T23:03:20.720780336Z,0.363299
2026-04-04T23:03:20.968241051Z,0.363508
2026-04-04T23:03:21.219961699Z,0.363725
2026-04-04T23:03:22.046059532Z,0.363508
2026-04-04T23:03:22.219468784Z,0.363725
2026-04-04T23:03:22.471387763Z,0.363725
2026-04-04T23:03:22.722561474Z,0.363948
2026-04-04T23:03:22.969925141Z,0.364178
2026-04-04T23:03:23.220565717Z,0.364415
2026-04-04T23:03:23.473159433Z,0.364415
2026-04-04T23:03:23.721179737Z,0.364415
2026-04-04T23:03:23.738144391Z,0.364231
2026-04-04T23:03:24.106599248Z,0.364935
2026-04-04T23:03:24.220166035Z,0.364935
2026-04-04T23:03:24.242873132Z,0.364845
2026-04-04T23:03:24.46977416Z,0.365638
2026-04-04T23:03:24.720767296Z,0.365638
2026-04-04T23:03:24.993906628Z,0.365906
2026-04-04T23:03:25.47095869Z,0.366163
2026-04-04T23:03:26.719940815Z,0.366436
2026-04-04T23:03:26.975836072Z,0.366716
2026-04-04T23:03:27.219953303Z,0.367002
2026-04-04T23:03:27.72062964Z,0.366716
2026-04-04T23:03:27.746568199Z,0.366994
2026-04-04T23:03:27.970601296Z,0.367297
2026-04-04T23:03:28.72068312Z,0.367594
2026-04-04T23:03:28.754088728Z,0.367905
2026-04-04T23:03:29.019487275Z,0.368204
2026-04-04T23:03:29.740691423Z,0.367895
2026-04-04T23:03:29.973196854Z,0.368204
2026-04-04T23:03:29.983553553Z,0.368511
2026-04-04T23:03:30.473106845Z,0.368207
2026-04-04T23:03:30.721622369Z,0.368522
2026-04-04T23:03:30.723679122Z,0.36885
2026-04-04T23:03:31.221845094Z,0.369165
2026-04-04T23:03:32.9732929Z,0.369162
2026-04-04T23:03:32.994571345Z,0.369111
2026-04-04T23:03:33.219074161Z,0.369515
2026-04-04T23:03:33.471280536Z,0.369852
2026-04-04T23:03:33.481855136Z,0.369151
2026-04-04T23:03:33.721494854Z,0.371412
2026-04-04T23:03:33.971887295Z,0.371415
2026-04-04T23:03:34.311980298Z,0.371415
2026-04-04T23:03:34.471694158Z,0.371758
2026-04-04T23:03:34.490466141Z,0.371027
2026-04-04T23:03:34.720095452Z,0.373725
2026-04-04T23:03:34.972169481Z,0.374079
2026-04-04T23:03:34.992409805Z,0.37443
2026-04-04T23:03:35.220018965Z,0.374805
2026-04-04T23:03:35.469278625Z,0.375174
2026-04-04T23:03:35.748150553Z,0.375182
2026-04-04T23:03:36.969339587Z,0.3748
2026-04-04T23:03:38.331060231Z,0.374232
2026-04-04T23:03:38.968478506Z,0.373528
2026-04-04T23:03:39.024546256Z,0.37352
2026-04-04T23:03:39.470374112Z,0.372848
2026-04-04T23:03:40.239715592Z,0.372526
2026-04-04T23:03:40.426294854Z,0.372848
2026-04-04T23:03:40.493507877Z,0.373185
2026-04-04T23:03:40.720799717Z,0.373185
2026-04-04T23:03:42.477484777Z,0.369762
2026-04-04T23:03:42.753023224Z,0.369754
2026-04-04T23:03:43.971643784Z,0.343478
2026-04-04T23:03:44.220360462Z,0.373725
2026-04-04T23:03:44.247713068Z,0.375784
2026-04-04T23:03:44.490656658Z,0.390515
2026-04-04T23:03:44.573725201Z,0.355253
2026-04-04T23:03:44.719835096Z,0.355608
2026-04-04T23:03:44.743853367Z,0.357132
2026-04-04T23:03:44.971068696Z,0.356177
2026-04-04T23:03:45.220214642Z,0.356548
2026-04-04T23:03:45.470855267Z,0.35634
2026-04-04T23:03:45.718947439Z,0.355968
2026-04-04T23:03:45.747487447Z,0.356348
2026-04-04T23:03:45.971085171Z,0.369882
2026-04-04T23:03:45.995491809Z,0.372234
2026-04-04T23:03:46.219904304Z,0.359687
2026-04-04T23:03:46.233183548Z,0.359861
2026-04-04T23:03:46.477463271Z,0.36032
2026-04-04T23:03:46.530521562Z,0.360623
2026-04-04T23:03:46.720047243Z,0.369878
2026-04-04T23:03:46.744467969Z,0.370532
2026-04-04T23:03:46.971664139Z,0.370453
2026-04-04T23:03:47.220409707Z,0.367765
2026-04-04T23:03:47.220795801Z,0.368794
2026-04-04T23:03:47.469513562Z,0.367301
2026-04-04T23:03:47.720546361Z,0.365015
2026-04-04T23:03:47.750207105Z,0.364998
2026-04-04T23:03:47.969611981Z,0.364651
2026-04-04T23:03:48.218517242Z,0.364651
2026-04-04T23:03:48.496504435Z,0.364651
2026-04-04T23:03:48.721101592Z,0.365055
2026-04-04T23:03:48.756355842Z,0.364399
2026-04-04T23:03:48.97455657Z,0.366979
2026-04-04T23:03:49.007179529Z,0.366407
2026-04-04T23:03:49.469321499Z,0.370093
2026-04-04T23:03:49.718839517Z,0.369157
2026-04-04T23:03:49.970522348Z,0.36457
2026-04-04T23:03:49.99405435Z,0.364545
2026-04-04T23:03:50.221173894Z,0.365228
2026-04-04T23:03:50.528287309Z,0.364407
2026-04-04T23:03:51.218867807Z,0.364002
2026-04-04T23:03:52.218921722Z,0.364407
2026-04-04T23:03:52.534174224Z,0.364002
2026-04-04T23:03:52.721373726Z,0.364002
2026-04-04T23:03:52.7496234Z,0.363647
2026-04-04T23:03:52.969732223Z,0.365415
2026-04-04T23:03:53.719783295Z,0.364605
2026-04-04T23:03:56.222285332Z,0.330228
2026-04-04T23:03:56.246435334Z,0.3321
2026-04-04T23:03:56.493975564Z,0.318675
2026-04-04T23:03:56.609231102Z,0.31205
2026-04-04T23:03:56.722209353Z,0.301385
2026-04-04T23:03:56.97400753Z,0.300894
2026-04-04T23:03:56.998146021Z,0.306185
2026-04-04T23:03:57.221289525Z,0.297841
2026-04-04T23:03:57.471307859Z,0.298342
2026-04-04T23:03:57.719841852Z,0.298342
2026-04-04T23:03:57.970896542Z,0.298847
